_id,news_title,news_date,news_brand,news_contents
6625cb4a5e3c7f1c3a69af12,"폴라리스오피스, 지난해 별도 기준 영업익 21억.. ""흑자전환 성공""",2022. 1. 24. 14:00,,"[아시아경제 장효원 기자] 오피스 소프트웨어(SW) 전문기업 폴라리스오피스가 비대면 업무환경 확산에 따른 수혜로 지난해 큰 폭의 흑자전환에 성공하며, 사업적 안정성을 견고히 확보했다.\n24일 폴라리스오피스는 잠정 실적공시를 통해 2021년 별도기준 영업이익이 21억원으로 전년대비 70억원이 증가하며 흑자 전환했다고 밝혔다. 같은 기간 매출액은 182억원을 달성했다.\n코로나19 이후 비대면 업무환경이 일상화되며 클라우드 기반의 협업에 용이한 글로벌 오피스 SW ‘폴라리스 오피스’의 근본적인 수익성이 높아졌다는 설명이다.\n지난해 폴라리스오피스는 전세계 1억1000만 가입자를 보유한 ‘폴라리스 오피스’ 플랫폼을 기반으로 OTT(온라인 동영상 서비스), 커머스 등 사업영역 확대에 나섰다. 네이버와 협력을 통해 교육용 웹 오피스 제품 ‘폴라리스 오피스 에듀’를 경남교육청에 공급하는 성과도 거뒀다.\n폴라리스오피스 관계자는 “‘폴라리스 오피스’ 클라우드 시장의 확대와 높은 수익기반을 토대로 지난해 영업이익이 크게 늘었다”며 “올해도 ‘폴라리스 오피스’를 기반으로 한 플랫폼 사업 확대와 더불어 협업 도구 시장 공략 확대 및 블록체인 사업을 본격화할 계획”이라고 밝혔다.\n이어 “특히 신외감법 적용 대상 확대 및 최근 내부회계관리 강화 이슈에 따라 협업도구 솔루션 ‘아틀라시안’에 대한 수요가 증가하고 있어 올해도 흑자기조가 이어질 것으로 예상한다”며 “관계사 폴라리스쉐어테크를 통한 블록체인 사업과 메타버스 시대의 사이버보안 문제 등을 해결할 수 있는 모바일 보안 솔루션 사업도 주요한 성장동력이 될 것”이라고 말했다.\n장효원 기자 specialjhw@asiae.co.kr"
6625cb515e3c7f1c3a69af13,"폴라리스오피스, 작년 별도기준 영업익 21억 ""흑자전환 성공""",2022. 1. 24. 14:58,,"오피스 소프트웨어(SW) 전문기업 폴라리스오피스가 비대면 업무환경 확산에 따른 수혜로 지난해 큰 폭의 흑자전환에 성공했다.\n24일 폴라리스오피스는 잠정 실적공시를 통해 2021년 별도기준 영업이익이 21억원으로 전년대비 흑자전환했다고 밝혔다. 같은 기간 매출액은 182억원을 달성했다.\n코로나19 이후 비대면 업무환경이 일상화되며 클라우드 기반의 협업에 용이한 글로벌 오피스 SW '폴라리스 오피스'의 근본적인 수익성이 높아졌다는 설명이다.\n지난해 폴라리스오피스는 전세계 1억1천만 가입자를 보유한 '폴라리스 오피스' 플랫폼을 기반으로 OTT(온라인 동영상 서비스), 커머스 등 사업영역 확대에 나섰다. 네이버와 협력을 통해 교육용 웹 오피스 제품 '폴라리스 오피스 에듀'를 경남교육청에 공급하는 성과도 거뒀다.\n폴라리스오피스 관계자는 ""'폴라리스 오피스' 클라우드 시장의 확대와 높은 수익기반을 토대로 지난해 영업이익이 크게 늘었다""며 ""올해도 '폴라리스 오피스'를 기반으로 한 플랫폼 사업 확대와 더불어 협업 도구 시장 공략 확대 및 블록체인 사업을 본격화할 계획""이라고 말했다.\n이어 ""특히 신외감법 적용 대상 확대 및 최근 내부회계관리 강화 이슈에 따라 협업도구 솔루션 '아틀라시안'에 대한 수요가 증가하고 있어 올해도 흑자기조가 이어질 것으로 예상한다""며 ""관계사 폴라리스쉐어테크를 통한 블록체인 사업과 메타버스 시대의 사이버보안 문제 등을 해결할 수 있는 모바일 보안 솔루션 사업도 주요한 성장동력이 될 것""이라고 덧붙였다.\n[관련기사]☞ ""중국 좋아해"" 송지아, 中 유튜브서 김치찌개 '파오차이'로 표기☞ 현아♥던, 생중계 무대서 딥키스…""헉, 할리우드인 줄""☞ 정준, 박진영 설교 홍보…""JYP 구원파 아닌가요'' 댓글에 남긴 글☞ ""내년 초쯤 결혼"" 김희철, 결별후 첫언급…엄마도 '금시초문'☞ '옛 사랑' 설현·지코, 결별 5년만에 만났다…""난처하네""\n김건우 기자 jai@mt.co.kr\n<저작권자 ⓒ '돈이 보이는 리얼타임 뉴스' 머니투데이, 무단전재 및 재배포 금지>"
6625cb575e3c7f1c3a69af14,"폴라리스오피스, 작년 코로나19 수혜로 흑자전환..영업익 21억",2022. 1. 24. 14:59,,"비대면 효과..같은 기간 매출액 182억 달성 사진=폴라리스 오피스\n오피스 소프트웨어(SW) 전문기업 폴라리스오피스가 작년 신종 코로나바이러스 감염증(코로나19)로 인한 비대면 업무환경 확산으로 흑자전환에 성공했다.\n24일 폴라리스오피스는 잠정 실적공시를 통해 작년 별도기준 영업이익이 21억원으로 전년대비 70억원이 증가하며 흑자 전환했다고 밝혔다. 같은 기간 매출액은 182억원을 달성했다.\n코로나19 이후 비대면 업무환경이 일상화되며 클라우드 기반의 협업에 용이한 글로벌 오피스 SW '폴라리스 오피스'의 근본적인 수익성이 높아졌다는 설명이다.\n지난해 폴라리스오피스는 전세계 1억1000만 가입자를 보유한 '폴라리스 오피스' 플랫폼을 기반으로 온라인 동영상 서비스(OTT), 커머스 등 사업영역 확대에 나섰다. 네이버와 협력을 통해 교육용 웹 오피스 제품 '폴라리스 오피스 에듀’를 경남교육청에 공급하는 성과도 거뒀다.\n폴라리스오피스 관계자는 ""'폴라리스 오피스' 클라우드 시장의 확대와 높은 수익기반을 토대로 지난해 영업이익이 크게 늘었다""며 ""올해도 폴라리스 오피스를 기반으로 한 플랫폼 사업 확대와 더불어 협업 도구 시장 공략 확대 및 블록체인 사업을 본격화할 계획""이라고 밝혔다.\n이어 ""특히 신외감법 적용 대상 확대 및 최근 내부회계관리 강화 이슈에 따라 협업도구 솔루션 ‘아틀라시안’에 대한 수요가 증가하고 있어 올해도 흑자기조가 이어질 것으로 예상한다""며 ""관계사 폴라리스쉐어테크를 통한 블록체인 사업과 메타버스 시대의 사이버보안 문제 등을 해결할 수 있는 모바일 보안 솔루션 사업도 주요한 성장동력이 될 것""이라고 말했다.\n류은혁 한경닷컴 기자 ehryu@hankyung.com "
6625cb5e5e3c7f1c3a69af15,"폴라리스오피스, 작년 영업익 21억 ""흑자전환 일궈""",2022. 1. 24. 17:48,,"올해도 안정적 오피스 SW사업 기반\n내부회계관리솔루션·블록체인 등 확장 [이데일리 강경래 기자] 폴라리스오피스(041020)가 비대면 업무환경 확산에 따른 수혜로 지난해 흑자 전환을 일궜다.\n폴라리스오피스는 지난해 실적을 집계한 결과 별도기준 영업이익 21억원을 올리며 전년과 비교해 흑자로 전환했다고 24일 밝혔다. 같은 기간 매출액은 182억원을 달성했다.\n폴라리스오피스 측은 “코로나19 이후 비대면 업무환경이 일상화되며 클라우드 기반 협업에 용이한 오피스 SW(소프트웨어) ‘폴라리스 오피스’ 수익성이 높아졌다”고 설명했다.\n폴라리스오피스는 지난해 전 세계 1억 1000만 가입자를 보유한 폴라리스 오피스 플랫폼을 기반으로 OTT(온라인 동영상 서비스), 커머스 등 사업영역 확대에 나섰다. 이와 관련, 네이버와 협력을 통해 교육용 웹 오피스 제품 ‘폴라리스 오피스 에듀’를 경남교육청에 공급하기도 했다.\n폴라리스오피스 관계자는 “폴라리스 오피스 클라우드 시장 확대 등에 힘입어 지난해 수익성이 크게 개선됐다”며 “올해도 폴라리스 오피스 기반 플랫폼 사업 확대와 함께 협업 도구 시장 공략 확대, 블록체인 등 신사업을 추진할 것”이라고 말했다.\n이어 “특히 신외감법 적용 대상 확대, 최근 내부회계관리 강화 이슈에 따라 협업도구 솔루션 ‘아틀라시안’ 수요가 증가하고 있어 올해도 흑자기조가 이어질 것”이라며 “관계사 폴라리스쉐어테크를 통한 블록체인 사업과 메타버스 시대 사이버보안 문제 등을 해결할 수 있는 모바일 보안 솔루션 사업도 성장동력이 될 것”이라고 덧붙였다.\n강경래 (butter@edaily.co.kr)"
6625cb645e3c7f1c3a69af16,"폴라리스오피스, '지역인재 전면 재택근무' 시행.. 다양한 유연근무제 실시",2022. 1. 25. 12:20,,"[아시아경제 장효원 기자] 오피스 소프트웨어 전문기업 폴라리스오피스가 지역에 관계없이 우수인재 채용을 확대하기 위해 ‘지역인재 전면 재택근무제’를 실시한다고 25일 밝혔다.\n본 제도는 지방에 거주하거나 2시간 이상 장거리 출근을 해야 하는 개발직을 대상으로 시행한다. 거주지와 상관없이 훌륭한 인재를 선발하고 자유로운 업무환경을 중요시하는 개발자들의 업무 효율성을 높이기 위해서다. 해당 개발자들은 출퇴근에 따르는 시간과 비용도 절약할 수 있다.\n무엇보다 특별한 점은 코로나19 상황과 관계없이 장소에 구애받지 않고 개인의 업무 스타일과 여건에 맞춰 '무기한 재택근무'가 가능하다는 점이다. 지역의 균형발전 및 청년 실업률 감소에도 기여할 수 있을 것으로 기대된다.\n폴라리스오피스 피플팀 관계자는 “비대면 근무문화가 보편화되면서 공간의 제약 없이도 당사와 함께할 수 있는 새로운 채용 문화를 만들고 있다”며 “지역 인재 유치와 동시에 업무 효율성을 높일 수 있는 근무환경을 조성하고, 임직원들의 의견을 정기적으로 수렴해 원격 재택근무가 안정적으로 안착될 수 있도록 지원해 나갈 방침이다”고 말했다.\n폴라리스오피스는 코로나19 이후 재택근무, 시차출퇴근을 비롯한 유연근무제를 선제적으로 시행하며 언택트 시대에 맞는 선진 기업문화를 구축해왔다. 이러한 노력을 인정받아 2020년 고용노동부 '재택근무 활용 우수기업'으로 선정됐으며 '일생활 균형 부문 고용노동부 장관 표창'을 받은 바 있다.\n현재 관계사 폴라리스쉐어테크와 함께 지식공유 블록체인 플랫폼 폴라리스쉐어 개발을 진행하며 S2E(Share to Earn) 사업 모델을 구축 중임에 따라, 이번 채용을 기점으로 블록체인 신사업을 더욱 가속화할 계획이다.\n2022년에는 개인 라이프 사이클에 맞춘 효율적인 업무가 가능하도록 출근시간을 오전 8시부터 10시 30분 사이에서 선택할 수 있는 자율출퇴근제를 도입했다. 또한 육아휴직 장려, 임신기간 단축근무제 도입 등을 통해 여성 근로자가 일하기 좋은 환경을 만들기 위해 노력하고 있다.\n한편 폴라리스오피스는 관계사 폴라리스쉐어테크와 함께 1월 24일부터 2월 13일까지 전 직군 대규모 채용을 실시한다. 모집 직무는 ▲개발 ▲디지털마케팅 ▲광고수익화 ▲서비스기획 ▲기술영업 ▲블록체인 개발 및 기획 6개 분야이며 세부 사항은 폴라리스오피스 채용 페이지에서 확인할 수 있다.\n장효원 기자 specialjhw@asiae.co.kr"
6625cb6b5e3c7f1c3a69af17,"폴라리스오피스, 지역인재 전면 재택근무 실시",2022. 1. 25. 15:44,,"오피스 소프트웨어 전문기업 폴라리스오피스가 지역에 관계없이 우수인재 채용을 확대하기 위해 '지역인재 전면 재택근무제'를 실시한다고 25일 밝혔다.\n이번 제도는 지방에 거주하거나 2시간 이상 장거리 출근을 해야 하는 개발직을 대상으로 시행한다. 거주지와 상관없이 훌륭한 인재를 선발하고, 자유로운 업무환경을 중요시하는 개발자들의 업무 효율성을 높이기 위해서다. 해당 개발자들은 출퇴근에 따르는 시간과 비용도 절약할 수 있다.\n특히 코로나19 상황과 관계없이 장소에 구애받지 않고 개인의 업무 스타일과 여건에 맞춰 '무기한 재택근무'가 가능하다는 점이다. 지역의 균형발전 및 청년 실업률 감소에도 기여할 수 있을 것으로 기대된다고 회사 측은 설명했다.\n폴라리스오피스 피플팀 관계자는 ""비대면 근무문화가 보편화되면서 공간의 제약 없이도 당사와 함께할 수 있는 새로운 채용 문화를 만들고 있다""며 ""지역 인재 유치와 동시에 업무 효율성을 높일 수 있는 근무환경을 조성하고, 임직원들의 의견을 정기적으로 수렴해 원격 재택근무가 안정적으로 안착될 수 있도록 지원해 나갈 방침이다""고 말했다.\n한편 폴라리스오피스는 코로나19 이후 재택근무, 시차출퇴근을 비롯한 유연근무제를 선제적으로 시행하며 비대면 시대에 맞는 선진 기업문화를 구축해왔다. 이러한 노력을 인정받아 2020년 고용노동부 '재택근무 활용 우수기업'으로 선정됐으며 '일생활 균형 부문 고용노동부 장관 표창'을 받은 바 있다.\n또 관계사 폴라리스쉐어테크와 함께 지식공유 블록체인 플랫폼 폴라리스쉐어 개발을 진행하며 S2E(Share to Earn) 사업 모델을 구축 중이다. 이번 채용을 기점으로 블록체인 신사업을 더욱 가속화할 계획이다.\n폴라리스오피스는 관계사 폴라리스쉐어테크와 함께 24일부터 2월 13일까지 전 직군 대규모 채용을 실시한다. 모집 직무는 △개발 △디지털마케팅 △광고수익화 △서비스기획 △기술영업 △블록체인 개발 및 기획 6개 분야이며 세부 사항은 폴라리스오피스 채용 페이지에서 확인할 수 있다.\n[관련기사]☞ '솔로지옥' 김현중 ""저도 많이 힘들다…악플·성희롱, 법적 대응""☞ 이규혁♥손담비, 5월13일 결혼식…""축복과 격려 부탁""☞ '하트시그널3' 박지현, 송지아 논란에 '불똥'…""의대생 인증하라""☞ 송지아, 활동 중단…""반성 시간 갖겠다, 가족 비난 멈춰주길""☞ 안산 ""양궁 3관왕, 포상금 역대 최고 '7억'…최고급 승용차 받아""\n김건우 기자 jai@mt.co.kr\n<저작권자 ⓒ '돈이 보이는 리얼타임 뉴스' 머니투데이, 무단전재 및 재배포 금지>"
6625cb715e3c7f1c3a69af18,"폴라리스오피스, 1분기 순이익 24억원..전년比 232% 증가",2022. 5. 16. 13:49,,"폴라리스오피스(041020)는 올해 1분기 연결기준 당기순이익이 전년 동기 대비 232% 늘어난 24억원을 기록했다고 밝혔다. 같은 기간 매출액은 19% 증가한 63억원, 영업이익은 6억원으로 흑자전환했다.\n폴라리스오피스 CI\n1분기 별도기준 매출액은 62억원으로 전년 동기 대비 35% 증가했다. 같은 기간 영업이익과 당기순이익은 각각 170%, 64% 증가한 8억원, 24억원으로 집계됐다.\n회사 관계자는 “전 세계 1억여 명의 가입자를 보유한 폴라리스오피스의 성장세와 안정적인 수익구조를 기반으로 올해도 꾸준한 영업이익을 실현하고 있다”며 “지난해 성공적으로 턴어라운드를 이뤘고, 올해도 1분기 호실적의 기세를 몰아 좋은 실적을 기대하고 있다”고 밝혔다.\n이어 “폴라리스오피스 플랫폼을 통한 사업영역 확대, 신외감법 적용 대상 확대에 따른 협업 도구 솔루션 ‘아틀라시안’의 수요 증가, 모바일 보안 솔루션 사업 및 관계사 폴라리스쉐어테크를 통한 블록체인 사업 등도 순항하고 있다”고 말했다.\n한편 폴라리스오피스는 풍부한 현금성 자산을 활용해 성장동력을 마련한다는 구상이다. 자회사 및 타법인 보유 지분 매각을 통해 총 308억원의 현금을 확보했다. 폴라리스오피스 경영진은 유상증자를 통해 지분율 확대에 나서고 있다.\n- Copyright ⓒ 조선비즈 & Chosun.com -"
6625cb785e3c7f1c3a69af19,"폴라리스오피스 ""안정적 수익구조 기반으로 이익 증가폭 확대""",2022. 5. 16. 13:58,,"[서울=뉴시스]신항섭 기자 = 폴라리스오피스는 1분기 오피스 사업의 성장세와 안정적인 수익구조를 바탕으로 이익 증가 폭이 확대됐다고 16일 밝혔다.\n폴라리스오피스는 올해 1분기 연결기준 당기순이익 24억원을 기록했다. 이는 전년 동기 대비 232% 늘어난 수준이다. 같은 기간 연결기준 매출액은 전년 동기 대비 19% 증가한 63억원을 달성했으며 영업이익은 6억원으로 흑자전환했다.\n1분기 별도기준 매출액은 62억원으로 전년 동기 대비 35% 증가했다. 같은 기간 별도기준 영업이익과 당기순이익은 전년동기대비 각각 170%, 64% 증가한 8억원, 24억원을 기록했다.\n회사 측은 코로나19 이후 비대면 근무 문화가 안착되면서 오피스 사업의 실적이 크게 개선됐다고 설명했다. 보유 중인 타법인 주식 평가이익 등이 더해져 당기순이익도 전년대비 큰 폭으로 증가했다고 강조했다.\n회사 관계자는 ""전 세계 1억1700만명의 가입자를 보유한 '폴라리스 오피스'의 성장세와 안정적인 수익구조를 기반으로 올해도 꾸준한 영업이익을 실현하고 있다""며 ""지난해에 성공적으로 턴어라운드를 이뤘고, 올해도 1분기 호실적의 기세를 몰아 좋은 실적을 거둘 것""이라고 말했다.\n이어 ""'폴라리스 오피스' 플랫폼을 통한 사업영역 확대, 신외감법 적용 대상 확대에 따른 협업도구 솔루션 '아틀라시안'의 수요 증가, 모바일 보안 솔루션 사업과 관계사 폴라리스쉐어테크를 통한 블록체인 사업 등도 순항하고 있다""고 덧붙였다.\n☞공감언론 뉴시스 hangseob@newsis.com"
6625cb7e5e3c7f1c3a69af1a,"폴라리스오피스, 1Q 순이익 24억.. ""안정적 수익구조 기반으로 이익 증가 폭 확대""",2022. 5. 16. 14:20,,"[아시아경제 장효원 기자] 폴라리스오피스가 오피스 사업의 성장세와 안정적인 수익구조를 바탕으로 이익 증가 폭을 키우고 있다.\n16일 폴라리스오피스는 올해 1분기 연결기준 당기순이익이 전년 동기 대비 232% 늘어난 24억원을 기록했다고 밝혔다. 같은 기간 연결기준 매출액은 전년 동기 대비 19% 증가한 63억원을 달성했으며 영업이익은 6억원으로 흑자 전환했다.\n1분기 별도기준 매출액은 62억원으로 전년 동기 대비 35% 증가했다. 같은 기간 별도기준 영업이익과 당기순이익은 전년 동기 대비 각각 170%, 64% 증가한 8억원, 24억원을 기록했다.\n코로나19 이후 비대면 근무 문화가 안착되면서 오피스 사업의 실적이 크게 개선됐다. 보유 중인 타법인 주식 평가이익 등이 더해져 당기순이익도 전년대비 큰 폭으로 증가했다.\n회사 관계자는 “전 세계 1억1700만명의 가입자를 보유한 ‘폴라리스 오피스’의 성장세와 안정적인 수익구조를 기반으로 올해도 꾸준한 영업이익을 실현하고 있다”며 “작년에 성공적으로 턴어라운드를 이뤘고, 올해도 1분기 호실적의 기세를 몰아 좋은 실적을 거둘 것”이라고 밝혔다.\n이어 “’폴라리스 오피스’ 플랫폼을 통한 사업영역 확대, 신외감법 적용 대상 확대에 따른 협업도구 솔루션 ‘아틀라시안’의 수요 증가, 모바일 보안 솔루션 사업 및 관계사 폴라리스쉐어테크를 통한 블록체인 사업 등도 순항하고 있다”고 말했다.\n한편 폴라리스오피스는 풍부한 현금성 자산을 활용해 성장성을 키울 계획이다. 자회사 및 타법인 보유 지분 매각을 통해 총 308억원의 현금을 확보했으며, 폴라리스오피스 경영진은 유상증자를 통해 지분율 확대 및 책임경영에 나서고 있다.\n장효원 기자 specialjhw@asiae.co.kr"
6625cb855e3c7f1c3a69af1b,"폴라리스오피스, 1Q 순이익 24억 ""안정적 수익구조 기반으로 이익 증가 폭 확대""",2022. 5. 16. 14:23,,"폴라리스오피스가 오피스 사업의 성장세와 안정적인 수익구조를 바탕으로 이익 증가 폭을 키우고 있다.\n16일 폴라리스오피스는 올해 1분기 연결기준 당기순이익이 전년동기대비 232% 늘어난 24억원을 기록했다고 밝혔다. 같은 기간 연결기준 매출액은 전년동기대비 19% 증가한 63억원을 달성했으며 영업이익은 6억원으로 흑자전환했다.\n1분기 별도기준 매출액은 62억원으로 전년동기대비 35% 증가했다. 같은 기간 별도기준 영업이익과 당기순이익은 전년동기대비 각각 170%, 64% 증가한 8억원, 24억원을 기록했다.\n코로나19 이후 비대면 근무 문화가 안착되면서 오피스 사업의 실적이 크게 개선됐다. 보유 중인 타법인 주식 평가이익 등이 더해져 당기순이익도 전년대비 큰 폭으로 증가했다.\n회사 관계자는 ""전 세계 1억1700만 명의 가입자를 보유한 '폴라리스 오피스'의 성장세와 안정적인 수익구조를 기반으로 올해도 꾸준한 영업이익을 실현하고 있다""며 ""작년에 성공적으로 턴어라운드를 이뤘고, 올해도 1분기 호실적의 기세를 몰아 좋은 실적을 거둘 것""이라고 밝혔다.\n이어 ""'폴라리스 오피스' 플랫폼을 통한 사업영역 확대, 신외감법 적용 대상 확대에 따른 협업도구 솔루션 '아틀라시안'의 수요 증가, 모바일 보안 솔루션 사업 및 관계사 폴라리스쉐어테크를 통한 블록체인 사업 등도 순항하고 있다""고 말했다.\n한편 폴라리스오피스는 풍부한 현금성 자산을 활용해 성장성을 키울 계획이다. 자회사 및 타법인 보유 지분 매각을 통해 총 308억원의 현금을 확보했으며, 폴라리스오피스 경영진은 유상증자를 통해 지분율 확대 및 책임경영에 나서고 있다.\n[관련기사]☞ 김구라, '17억 빚' 전처와 또 돈 문제?…""7년째 돈 빠져 나가""☞ 최연제, '美은행 부사장' 남편+대저택 공개…운명적 만남 '눈길'☞ '쥬얼리' 조민아, 가정폭력 피해 암시…""바닥에 집어던지고 폭언""☞ '11세 연하♥' 배윤정 ""남편과 안 맞아…죽고싶었다"" 충격 고백☞ ""한뼘 치마 얼마나 짧길래""…유라, 5억 다리보험 든 각선미 과시\n김건우 기자 jai@mt.co.kr\n<저작권자 ⓒ '돈이 보이는 리얼타임 뉴스' 머니투데이, 무단전재 및 재배포 금지>"
6625cb8f5e3c7f1c3a69af1c,"폴라리스쉐어테크, 40억 투자 유치..'폴라리스쉐어' 서비스 활성화 탄력",2022. 7. 27. 10:10,,"[파이낸셜뉴스] 폴라리스그룹의 블록체인 개발 전문 계열사 폴라리스쉐어테크는 유상증자 및 신주인수권부사채(BW) 발행을 통해 폴라리스오피스 외 1인으로부터 총 40억원 규모의 투자를 유치했다고 27일 밝혔다.\n조달 자금은 지식공유 블록체인 플랫폼 ‘폴라리스쉐어’의 서비스 고도화 및 연구개발, 전문인력 확보 등 사업을 확대하기 위한 운영자금으로 사용할 예정이다.\n폴라리스쉐어는 글로벌 오피스 소프트웨어 ‘폴라리스오피스’를 기반으로 문서 게시자와 사용자를 연결해주는 지식공유 블록체인 플랫폼이다. 문서 게시자와 사용자의 상호 가치평가를 통해 게시자는 보상을 얻고 사용자는 저비용으로 고품질의 정보를 얻을 수 있다. 폴라리스쉐어테크가 개발 및 운영을 담당하고 있다.\n폴라리스쉐어테크 관계자는 “이번 투자 유치를 계기로 폴라리스쉐어는 더욱 고도화된 탈중앙화 지식 생태계를 구축해 나갈 수 있을 것”이라며 “전 세계 1억2000만명 폴라리스 오피스 가입자들에게 폴라리스쉐어 서비스를 제공함으로써 폴라리스쉐어 서비스 활성화는 물론 폴라리스오피스 사용자들도 더욱 많은 혜택을 누리게 될 것”이라고 밝혔다.\n폴라리스오피스 사용자들은 누구든지 손쉽게 폴라리스쉐어 서비스를 사용할 수 있다. 별도의 회원가입 절차 없이 단순 계정 연동을 통해 폴라리스쉐어에 문서를 자유롭게 업로드할 수 있을 뿐만 아니라 필요한 정보를 검색하고 인기 라이브러리를 열람, 투표, 공유, 찜 할 수 있다."
6625cb965e3c7f1c3a69af1d,"폴라리스쉐어테크, 40억 투자 유치.. ""폴라리스쉐어 서비스 활성화 탄력""",2022. 7. 27. 10:11,,"[아시아경제 장효원 기자] 폴라리스그룹의 블록체인 개발 전문 계열사 폴라리스쉐어테크는 유상증자 및 신주인수권부사채 발행을 통해 폴라리스오피스 외 1인으로부터 총 40억원 규모의 투자를 유치했다고 27일 밝혔다.\n조달 자금은 지식공유 블록체인 플랫폼 ‘폴라리스쉐어’ 서비스 고도화 및 연구개발, 전문 인력 확보 등 사업을 확대하기 위한 운영자금으로 사용할 예정이다.\n폴라리스쉐어는 글로벌 오피스 소프트웨어 ‘폴라리스 오피스’를 기반으로 하여 문서 게시자와 사용자를 연결해주는 지식공유 블록체인 플랫폼이다. 문서 게시자와 사용자의 상호 가치평가를 통해 게시자는 보상을 얻고 사용자는 저비용으로 고품질의 정보를 얻을 수 있다. 폴라리스쉐어테크가 개발 및 운영을 담당하고 있다.\n폴라리스쉐어테크 관계자는 “이번 투자 유치를 계기로 폴라리스쉐어는 더욱 고도화된 탈중앙화 지식 생태계를 구축해 나갈 수 있을 것”이라며 “글로벌 1억2000만명 폴라리스 오피스 가입자들에게 폴라리스쉐어 서비스를 제공함으로써 폴라리스쉐어 서비스 활성화는 물론 폴라리스 오피스 사용자들도 더욱 많은 혜택을 누리게 될 것”이라고 밝혔다.\n폴라리스 오피스 사용자들은 누구든지 손쉽게 폴라리스쉐어 서비스를 사용할 수 있다. 별도의 회원가입 절차 없이 단순 계정 연동을 통해 폴라리스쉐어에 문서를 자유롭게 업로드할 수 있을 뿐만 아니라 필요한 정보를 검색하고 인기 라이브러리를 열람, 투표, 공유, 찜 할 수 있다.\n장효원 기자 specialjhw@asiae.co.kr"
6625cb9c5e3c7f1c3a69af1e,"폴라리스쉐어테크, 40억 투자 유치..폴라리스쉐어 서비스 활성화 탄력",2022. 7. 27. 10:22,,"폴라리스그룹의 블록체인 개발 전문 계열사 폴라리스쉐어테크는 유상증자 및 신주인수권부사채 발행을 통해 폴라리스오피스 외 1인으로부터 총 40억원 규모의 투자를 유치했다고 27일 밝혔다.\n조달 자금은 지식공유 블록체인 플랫폼 '폴라리스쉐어' 서비스 고도화 및 연구개발, 전문 인력 확보 등 사업을 확대하기 위한 운영자금으로 사용할 예정이다.\n폴라리스쉐어는 글로벌 오피스 소프트웨어 '폴라리스 오피스'를 기반으로 하여 문서 게시자와 사용자를 연결해주는 지식공유 블록체인 플랫폼이다. 문서 게시자와 사용자의 상호 가치평가를 통해 게시자는 보상을 얻고 사용자는 저비용으로 고품질의 정보를 얻을 수 있다. 폴라리스쉐어테크가 개발 및 운영을 담당하고 있다.\n폴라리스쉐어테크 관계자는 ""이번 투자 유치를 계기로 폴라리스쉐어는 더욱 고도화된 탈중앙화 지식 생태계를 구축해 나갈 수 있을 것""이라며 ""글로벌 1억2000만명 폴라리스 오피스 가입자들에게 폴라리스쉐어 서비스를 제공함으로써 폴라리스쉐어 서비스 활성화는 물론 폴라리스 오피스 사용자들도 더욱 많은 혜택을 누리게 될 것""이라고 말했다.\n한편 폴라리스 오피스 사용자들은 누구든지 손쉽게 폴라리스쉐어 서비스를 사용할 수 있다. 별도의 회원가입 절차 없이 단순 계정 연동을 통해 폴라리스쉐어에 문서를 자유롭게 업로드할 수 있을 뿐만 아니라 필요한 정보를 검색하고 인기 라이브러리를 열람, 투표, 공유, '찜' 할 수 있다.\n[머니투데이 스타트업 액셀러레이팅 미디어 플랫폼 '유니콘팩토리']\n[관련기사]☞ 19살에 '고딩 아빠'된 김승현 ""전 여친, 내게 임신 고백하며 눈물""☞ 김연아 열애, 3년간 아무도 몰랐던 이유…""과거 연애 때문""☞ 유인경 ""70번 맞선 끝에 두 달 만에 결혼…남편, 30년째 백수""☞ 오은영 ""내 바지 홈쇼핑서 산 것…77사이즈 입어"" 고백☞ 김준호, ♥김지민 용돈 받는다는 폭로에 ""2000만원 빌렸지만…""\n김건우 기자 jai@mt.co.kr\n<저작권자 ⓒ '돈이 보이는 리얼타임 뉴스' 머니투데이, 무단전재 및 재배포 금지>"
6625cba35e3c7f1c3a69af1f,"폴라리스쉐어테크, 40억 규모 투자 유치",2022. 7. 27. 11:04,,"[서울=뉴시스] 김경택 기자 = 폴라리스그룹의 블록체인 개발 전문 계열사 폴라리스쉐어테크는 유상증자, 신주인수권부사채 발행을 통해 폴라리스오피스 외 1인으로부터 총 40억원 규모의 투자를 유치했다고 27일 밝혔다.\n조달 자금은 지식공유 블록체인 플랫폼 '폴라리스쉐어' 서비스 고도화와 연구개발, 전문 인력 확보 등 사업을 확대하기 위한 운영자금으로 사용할 예정이다.\n폴라리스쉐어는 글로벌 오피스 소프트웨어 '폴라리스 오피스'를 기반으로 문서 게시자와 사용자를 연결해주는 지식공유 블록체인 플랫폼이다. 문서 게시자와 사용자의 상호 가치평가를 통해 게시자는 보상을 얻고 사용자는 저비용으로 고품질의 정보를 얻을 수 있다. 폴라리스쉐어테크가 개발, 운영을 담당하고 있다.\n폴라리스쉐어테크 관계자는 ""이번 투자 유치를 계기로 폴라리스쉐어는 더욱 고도화된 탈중앙화 지식 생태계를 구축해 나갈 수 있을 것""이라며 ""글로벌 1억2000만명 폴라리스 오피스 가입자들에게 폴라리스쉐어 서비스를 제공함으로써 폴라리스쉐어 서비스 활성화는 물론 폴라리스 오피스 사용자들도 더욱 많은 혜택을 누리게 될 것""이라고 말했다.\n☞공감언론 뉴시스 mrkt@newsis.com"
6625cbaa5e3c7f1c3a69af20,"폴라리스오피스, 상반기 순이익 124억.. 전년比 972%↑",2022. 8. 17. 08:57,,"[아시아경제 장효원 기자] 글로벌 오피스 소프트웨어 ‘폴라리스 오피스’로 안정적 수익기반을 구축한 폴라리스오피스가 사업영역 확대와 관계사 매각 차익으로 2분기에도 호실적을 달성했다.\n17일 폴라리스오피스는 올해 상반기 연결 기준 당기순이익이 전년 동기 대비 972% 늘어난 124억원을 기록했다고 밝혔다. 같은 기간 연결 기준 매출액과 영업이익은 전년 동기 대비 각각 2%, 15% 증가한 117억원, 12억원을 기록했다.\n상반기 별도 기준으로는 누적 매출액 113억원, 영업이익 17억원을 달성했다. 전년 동기 대비 각각 26%, 55% 증가한 수치다. ‘폴라리스 오피스’ 플랫폼의 지속적인 성장세로 별도 영업이익은 반기 만에 지난해 온기 영업이익의 80%를 넘어섰다.\n이어 같은 기간 별도 기준 당기순이익도 118억원을 기록하며 전년 동기 대비 큰 폭의 흑자전환에 성공했다. 관계사였던 아이윈플러스(전 폴라리스웍스) 매각 차익 122억원을 포함해 영업외이익이 크게 늘었다.\n폴라리스오피스 관계자는 “지난해 성공적인 턴어라운드를 기점으로 올해도 지속적인 수익 상승세를 이어가고 있다”며 “실적 개선과 더불어 조성우 폴라리스그룹 회장으로의 최대주주 변경을 통해 그룹 중심의 안정적 지배구조도 확립했다”고 밝혔다.\n이어 “플랫폼 사업영역을 확대하는 동시에 비대면 협업도구 솔루션 ‘아틀라시안’의 수요 증가에 대응하고 관계사 폴라리스쉐어테크를 통한 블록체인 사업 안정화에도 힘쓰고 있다”며 “하반기에도 실적 호조세가 계속될 것으로 예상한다”고 덧붙였다.\n한편 조성우 폴라리스그룹 회장은 지난 7월 전환사채 전환권 행사를 통해 폴라리스오피스의 최대주주로 올라섰다. 특수관계자를 포함한 최대주주 지분율은 총 23.35%다. 폴라리스오피스를 중심으로 폴라리스그룹 계열사간 시너지를 확대하고 책임경영을 강화할 계획이다.\n장효원 기자 specialjhw@asiae.co.kr"
6625cbb05e3c7f1c3a69af21,"폴라리스오피스, 상반기 순이익 124억 전년比 972%↑",2022. 8. 17. 08:57,,"오피스 소프트웨어 전문기업 폴라리스오피스가 사업영역 확대와 관계사 매각 차익으로 2분기에도 호실적을 달성했다.\n17일 폴라리스오피스는 반기 연결기준 당기순이익이 전년동기대비 972% 늘어난 124억원을 기록했다고 밝혔다. 같은 기간 연결기준 매출액과 영업이익은 전년동기대비 각각 2%, 15% 증가한 117억원, 12억원을 기록했다.\n상반기 별도기준으로는 누적 매출액 113억원, 영업이익 17억원을 달성했다. 전년동기대비 각각 26%, 55% 증가한 수치다. '폴라리스 오피스' 플랫폼의 지속적인 성장세로 별도 영업이익은 반기만에 지난해 온기 영업이익의 80%를 넘어섰다.\n같은 기간 별도기준 당기순이익도 118억원을 기록하며 전년동기대비 큰 폭의 흑자전환에 성공했다. 관계사였던 아이윈플러스(전 폴라리스웍스) 매각 차익 122억원을 포함해 영업외이익이 크게 늘었다.\n폴라리스오피스 관계자는 ""지난해 성공적인 턴어라운드를 기점으로 올해도 지속적인 수익 상승세를 이어가고 있다""며 ""실적 개선과 더불어 조성우 폴라리스그룹 회장으로의 최대주주 변경을 통해 그룹 중심의 안정적 지배구조도 확립했다""고 말했다.\n이어 ""플랫폼 사업영역을 확대하는 동시에 비대면 협업도구 솔루션 '아틀라시안'의 수요 증가에 대응하고 관계사 폴라리스쉐어테크를 통한 블록체인 사업 안정화에도 힘쓰고 있다""며 ""하반기에도 실적 호조세가 계속될 것으로 예상한다""고 덧붙였다.\n한편 조성우 폴라리스그룹 회장은 지난 7월 전환사채 전환권 행사를 통해 폴라리스오피스의 최대주주로 올라섰다. 특수관계자를 포함한 최대주주 지분율은 총 23.35%다. 폴라리스오피스를 중심으로 폴라리스그룹 계열사간 시너지를 확대하고 책임경영을 강화할 계획이다\n[관련기사]☞ 유흥업소 출근하는 아이돌 연습생들…""서로 소개해준다""☞ '이혼 기자회견' 이상민도 당황…최민수 옆에 앉아 있었던 이유☞ 2년 수술 미룬 이정재, 몸상태 이 정도일 줄은…""어떻게 버틴 거냐""☞ 月277만원 버는 22세女, 3년만에 1억 모은 비결…""월급 80% 적금""☞ 사남매 키우는 '중딩엄빠'…""애들 아빠는 총 3명"" 충격\n김건우 기자 jai@mt.co.kr\n<저작권자 ⓒ '돈이 보이는 리얼타임 뉴스' 머니투데이, 무단전재 및 재배포 금지>"
6625cbb65e3c7f1c3a69af22,"폴라리스쉐어, 첫 NFT 프로젝트 민팅 물량 3분 만에 완판",2022. 9. 7. 14:47,,"[아시아경제 장효원 기자] 탈중앙화 지식 공유 서비스 업체 폴라리스쉐어테크는 첫 NFT(대체불가능토큰) 프로젝트 '하울링 폴라 울프(HOWLIN' POLA WOLF)’를 통해 민팅(발행)한 NFT 물량을 완판했다고 7일 밝혔다.\n폴라리스쉐어테크 관계자는 ""경쟁구매 고객과 사전확정구매 고객을 대상으로 진행한 NFT 민팅 물량을 각각 3분, 6분 만에 완판했다""며 ""이번 민팅을 시작으로 폴라리스쉐어 서비스는 큐레이션 시즌, 에코 시스템, 마이닝 시스템 등을 구축 및 운영할 예정이다""라고 말했다.\n이번 프로젝트는 폴라리스쉐어 서비스 내 가상자산 시스템 구축을 위한 거버넌스 모객과 초기 커뮤니티 형성을 위해 진행됐다. 이번에 민팅한 제네시스 NFT는 500개 한정으로 발행했다. 세계 최대 NFT 마켓플레이스인 오픈씨(Opensea)의 클레이튼(KLAY) 프로젝트 기준으로 거래량 4위에 올랐다. 2차 거래 최저가는 930 KLAY로 민팅가 500 KLAY 대비 약 2배 상승했다.\n해당 프로젝트에는 폴라리스오피스, 더펑크판다 NFT 프로젝트, 애니버스 라바 NFT 프로젝트, 마린블루스 리부트클럽, 강아지 소셜클럽 등이 파트너로 참여했다.\nNFT 구매고객은 폴라리스쉐어 서비스를 통해 문서 공유 및 평가에 참여할 수 있다. 레전더리(legendary) 등급에 해당하는 고객은 민팅 금액의 20배에 달하는 POLA코인 에어드랍 혜택도 받는다. POLA코인은 가상자산 거래소 빗썸에 상장돼 있으며 '웹3.0'시대를 위한 폴라리스쉐어 서비스에 활용된다.\n폴라리스쉐어테크는 전세계 1.2억명의 유저를 보유한 오피스 소프트웨어 전문기업 폴라리스오피스의 관계사다. 폴라리스쉐어테크는 지식공유 플랫폼을 활용한 S2E(Share to Earn) 사업 모델을 구축 중이다. 기존의 지식 공유 시스템을 넘어 지식 생산자는 지식 공유를 통한 보상을, 사용자는 저비용으로 고품질의 지식을 얻는 서비스 사업이다.\n장효원 기자 specialjhw@asiae.co.kr"
6625cbbd5e3c7f1c3a69af23,"폴라리스쉐어, 첫 NFT 프로젝트 민팅 물량 3분 만에 완판",2022. 9. 7. 14:48,,"탈중앙화 지식 공유 서비스 업체 폴라리스쉐어테크는 첫 NFT(대체불가능토큰) 프로젝트 '하울링 폴라 울프(HOWLIN' POLA WOLF)'를 통해 민팅(발행)한 NFT 물량을 완판했다고 7일 밝혔다.\n폴라리스쉐어테크 관계자는 ""경쟁구매 고객과 사전확정구매 고객을 대상으로 진행한 NFT 민팅 물량을 각각 3분, 6분만에 완판했다""며 ""이번 민팅을 시작으로 폴라리스쉐어 서비스는 큐레이션 시즌, 에코 시스템, 마이닝 시스템 등을 구축 및 운영할 예정이다""라고 말했다.\n이번 프로젝트는 폴라리스쉐어 서비스 내 가상자산 시스템 구축을 위한 거버넌스 모객과 초기 커뮤니티 형성을 위해 진행됐다. 이번에 민팅한 제네시스 NFT는 500개 한정으로 발행했다. 세계 최대 NFT 마켓플레이스인 오픈씨(Opensea)의 클레이튼(KLAY) 프로젝트 기준으로 거래량 4위에 올랐다. 2차 거래 최저가는 930 KLAY로 민팅가 500 KLAY 대비 약 2배 상승했다.\n해당 프로젝트에는 폴라리스오피스, 더펑크판다 NFT 프로젝트, 애니버스 라바 NFT 프로젝트, 마린블루스 리부트클럽, 강아지 소셜클럽 등이 파트너로 참여했다.\nNFT 구매고객은 폴라리스쉐어 서비스를 통해 문서 공유 및 평가에 참여할 수 있다. 레전더리(legendary) 등급에 해당하는 고객은 민팅 금액의 20배에 달하는 POLA코인 에어드랍 혜택도 받는다. POLA코인은 가상자산 거래소 빗썸에 상장되어 있으며 '웹3.0'시대를 위한 폴라리스쉐어 서비스에 활용된다.\n폴라리스쉐어테크는 전세계 1억2000만명의 유저를 보유한 오피스 소프트웨어 전문기업 폴라리스오피스의 관계사다. 폴라리스쉐어테크는 지식공유 플랫폼을 활용한 S2E(Share to Earn) 사업 모델을 구축 중이다. 기존의 지식 공유 시스템을 넘어 지식 생산자는 지식 공유를 통한 보상을, 사용자는 저비용으로 고품질의 지식을 얻는 서비스 사업이다\n[관련기사]☞ 처가살이+주말부부 아이 셋…27세 아빠 웃으며 ""다 된다""☞ 윤종신 때문?…'서울대 22학번' 정지웅 ""학점 망했다""☞ '장동건 조카' 유민, 아이돌→BJ 전향…수입은 얼마?☞ 뷔·제니, 일정 빼곡하다더니 뉴욕 데이트? '럽스타그램' 의혹☞ 김보민 ""♥김남일에 질척거려 결혼""→오은영 ""연애 고수""\n김건우 기자 jai@mt.co.kr\n<저작권자 ⓒ '돈이 보이는 리얼타임 뉴스' 머니투데이, 무단전재 및 재배포 금지>"
6625cbc35e3c7f1c3a69af24,"폴라리스쉐어, 첫 NFT 프로젝트 민팅 물량 3분 만에 완판",2022. 9. 7. 15:15,,"탈중앙화 지식 공유 서비스 업체 폴라리스쉐어테크는 첫 NFT(대체불가능토큰) 프로젝트 ‘하울링 폴라 울프(HOWLIN’ POLA WOLF)’를 통해 민팅(발행)한 NFT 물량을 완판했다고 7일 밝혔다.\n폴라리스쉐어테크 관계자는 “경쟁구매 고객과 사전확정구매 고객을 대상으로 진행한 NFT 민팅 물량을 각각 3분, 6분만에 완판했다”며 “이번 민팅을 시작으로 폴라리스쉐어 서비스는 큐레이션 시즌, 에코 시스템, 마이닝 시스템 등을 구축 및 운영할 예정이다”라고 말했다.\n이번 프로젝트는 폴라리스쉐어 서비스 내 가상자산 시스템 구축을 위한 거버넌스 모객과 초기 커뮤니티 형성을 위해 진행됐다. 이번에 민팅한 제네시스 NFT는 500개 한정으로 발행했다. 세계 최대 NFT 마켓플레이스인 오픈씨(Opensea)의 클레이튼(KLAY) 프로젝트 기준으로 거래량 4위에 올랐다. 2차 거래 최저가는 930 KLAY로 민팅가 500 KLAY 대비 약 2배 상승했다.\n해당 프로젝트에는 폴라리스오피스, 더펑크판다 NFT 프로젝트, 애니버스 라바 NFT 프로젝트, 마린블루스 리부트클럽, 강아지 소셜클럽 등이 파트너로 참여했다.\nNFT 구매고객은 폴라리스쉐어 서비스를 통해 문서 공유 및 평가에 참여할 수 있다. 레전더리(legendary) 등급에 해당하는 고객은 민팅 금액의 20배에 달하는 POLA코인 에어드랍 혜택도 받는다. POLA코인은 가상자산 거래소 빗썸에 상장되어 있으며 ‘웹3.0′시대를 위한 폴라리스쉐어 서비스에 활용된다.\n폴라리스쉐어테크는 오피스 소프트웨어 전문기업 폴라리스오피스의 관계사다. 폴라리스쉐어테크는 지식공유 플랫폼을 활용한 S2E(Share to Earn) 사업 모델을 구축 중이다.\n- Copyright ⓒ 조선비즈 & Chosun.com -"
6625cbca5e3c7f1c3a69af25,김상철 한컴 회장은 왜 토큰 사업에 뛰어 들었나,2022. 10. 5. 11:01,,"한컴, 토큰 사업 시작 당시 업계서 논란이 된 인물 영입 '한컴 토큰'으로 불리는 '아로와나 토큰' 시세 조작 의혹 관련 국정감사가 6일 진행되는 가운데 한컴 토큰이 시작된 배경을 둘러싸고 여러 의혹이 제기된다. 사진은 김 회장이 2018년 서울 종로구 포시즌스호텔에서 열린 '한컴 신사업 전략발표 기자간담회'에 나선 모습. /사진=뉴스1\n'한글과컴퓨터(한컴) 토큰'으로 불린 '아로와나 토큰' 시세 조작 의혹으로 해당 토큰 관련자들이 6일 국회 정무위원회 국정감사장에 선다. 아로와나 토큰의 기술 파트너인 박진홍 엑스탁 전 대표가 출석하는 가운데 김상철 한컴 회장이 해당 토큰으로 비자금을 조성했다는 의혹이 제기되고 있다.\n양기대 의원(더불어민주당·경기 광명시을)실에 따르면 분산형 인센티브 지식 거래 시스템 '폴라리스쉐어'가 자사 암호화폐 '폴라(POLA)' 토큰을 2020년 11월19일 빗썸에 상장하자 폴라리스쉐어의 지분 5%를 보유한 정보기술(IT) 업체 '폴라리스오피스'(당시 인프라웨어)가 3일 연속 상한가를 쳤다.\n폴라 토큰 역시 상장 가격 대비 약 167배 상승(30원 상장, 최고가 5000원)하자 김상철 회장이 이를 계기로 연내 토큰 발행을 지시했다고 알려진다. 하지만 한컴은 금거래의 디지털화를 추진하는 과정에서 금을 대신해 글로벌하게 거래할 수 있는 수단으로 가상화폐에 주목하고 아로와나 프로젝트를 추진한 것이라고 주장하고 2020년 12월 블록체인 전문가 박진홍씨(국감 소환 인물)를 영입해 기술 자문을 받았다.\n박진홍 전 엑스탁 대표는 당시 업계서 여러 논란에 휩싸인 인물이었다. 엑스탁 코인은 2018년 코인빗 등 중소 가상자산거래소에 상장했지만 백서에서 제시한 계획을 대부분 이행하지 못했다. 결국 엑스탁은 코인빗에서도 2020년 말 상장폐지됐고 많은 투자자들이 큰 손실을 입었다.\n한컴 토큰 사업의 핵심인 박 전 대표가 이 같은 논란에 휘말리자 토큰 사업에 대한 업계의 의구심이 커졌다. 이에 토큰 발행사 아로와나 테크는 급하게 그를 일종의 사업 계획서인 '백서'에서 제외하기도 했다.\n아로와나 토큰은 한컴 계열사 '한컴위드' 투자 소식이 알려지면서 지난해 4월20일 국내 가상자산 거래소 '빗썸'에 상장하자마자 급등했다. 30분 만에 1075배(10만 7500%) 뛰며 5만3800원에 거래됐다. 이후 가격이 급락해 투자자들 사이에선 뒷말이 무성했다. 특정 세력의 시세 조작이라고 보는 시각이 많았다. 가상화폐 전문가는 ""가격이 폭등한 배경에는 인위적인 개입이 있었을 것""이라고 분석했다.\n양기대 의원실에 따르면 김상철 회장이 보유한 아로와나 토큰은 4.5억개로 추산된다. 해당 토큰은 빗썸에 상장될 당시 시가 총액 225억원(50원x4.5억개)이었지만 상장 당일 시가 총액이 24조2100억원(5만3800원x4.5억개)으로 치솟기도 했다. 이로써 김 회장이 얻은 이득은 수 백억원에서 수 천억원에 달할 것으로 보는 시각도 있다. 양기대 의원실 관계자는 ""가상화폐가 상장한 뒤 가격이 폭등하는 일은 쉽지 않다""며 ""김상철 회장 측이 시세 차익을 거두기 위해 모종의 조치를 취한 것 아니냐는 의심이 든다""고 전했다.\n이와 관련해 아로와나재단 관계자는 ""아로와나 토큰은 상장 당시 에어드랍으로 유통시킨 150만개, 위탁판매사에 지급된 850만개 외에는 지갑에 그대로 있었고 재단에서 유통한 물량이 없었기 때문에 '가격이 폭등했으니 막대한 시세 차익을 거두었을 것'이라는 주장은 사실무근이다""며 ""아로와나토큰은 한컴그룹 각 계열사 간 플랫폼 구축이나 활성화를 위한 수단으로서, 관계사 정관이나 계약서 등에 의하여 토큰의 유통으로 임직원이 개인적 이득을 취할 수 없도록 엄격하게 제도화되어 있다""고 입장을 표명했다.\n김 회장은 지난해 10월 아로와나 토큰 발행 등과 관련된 녹취록이 공개돼 곤욕을 치렀다. 녹취록에는 아로와나 토큰 실소유주를 김 회장으로 하는 이면계약이 있었고, 김 회장이 토큰으로 비자금을 조성하라고 지시했다는 내용이 담겼다. 김 회장이 비자금을 만들기 위한 방법을 박 전 대표와 상의하라는 내용도 있었다. 관련 의혹들은 현재 경기남부경찰청에서 수사하고 있다.\n[머니S 주요뉴스]\n☞ 18세 박유진, 전 재산 3만원인데… 배달료만 80만원?\n☞ 박수홍 응급실 실려갈 때… ""'폭행' 父는 형수와 식사""\n☞ ""제주도 안 가요""… 빗장 풀자 일본여행 봇물\n☞ 최강희 은퇴?… 시간당 1만원 고깃집 설거지 알바\n☞ ""세입자님 모셔요""… 4.5억 전세계약하면 '샤넬백' 선물\n☞ ""한국은 이미 강대국… 미국은 한국의 불만을 해결할 것""\n☞ ""걸그룹에 200억 썼다""… 임창정, 재산 얼마길래?\n☞ 역술가 한숨 유발한 박수홍과 母의 사주풀이\n☞ ""♥김지민 잡지 싹쓸이""… 김준호, 열혈 사랑꾼이네?\n☞ ""의상이 찢어졌어""… 신비, '8년차' 아이돌의 위기탈출\n양진원 기자 newsmans12@mt.co.kr\n<저작권자 ⓒ '성공을 꿈꾸는 사람들의 경제 뉴스' 머니S, 무단전재 및 재배포 금지>"
6625cbd45e3c7f1c3a69af26,"폴라리스오피스, 7분기 연속 흑자… 3분기 누적 영업익 전년치 초과 달성",2022. 11. 15. 08:17,,"[아시아경제 장효원 기자] 폴라리스오피스가 안정적인 수익구조를 구축했다. 지난해 성공적인 턴어라운드를 기점으로 7개 분기 연속 흑자기조를 이어가고 있다.\n15일 폴라리스오피스는 별도 기준 올해 3분기 영업이익이 8억원으로 전년 동기 대비 82% 증가했다고 밝혔다. 같은 기간 별도 기준 매출액은 59억원으로 전년 동기 대비 38% 늘었으며 당기순이익은 4억원으로 흑자전환했다.\n대표 제품인 ‘폴라리스오피스’ 기반의 오피스 사업부 매출이 꾸준히 늘었다. 별도 기준 3분기 누적 매출액은 172억원으로 지난해 온기 매출액 182억원에 육박한다. 별도 기준 3분기 누적 영업이익은 전년 동기 대비 63% 증가한 25억원으로 지난해 온기 영업이익 21억원을 돌파했다.\n연결 기준으로는 올해 3분기 누적 당기순이익이 128억원으로 전년 동기 대비 5247% 늘었다. 관계사 매각 차익 122억원 등이 반영돼 실적 성장을 뒷받침했다. 같은 기간 연결 기준 매출액과 영업이익도 전년 동기 대비 약 4%씩 증가한 178억원, 17억원을 기록했다.\n폴라리스오피스 관계자는 ""지난해 성공적인 턴어라운드에 이어 ‘폴라리스오피스’를 중심으로 한 플랫폼 사업영역 확대, 비대면 협업도구 솔루션 ‘아틀라시안’의 수요 증가로 올해 3분기에도 지속적인 성장세를 이어가고 있다”며 “종속회사 폴라리스쉐어테크를 중심으로 블록체인 사업도 안정화하기 위해 노력 중”이라고 말했다.\n이어 “3분기 중 그룹사 체제의 안정적 지배구조 확립을 완료한 만큼, 기존 사업과 시너지 효과를 낼 수 있는 추가적인 신성장동력을 찾는 것이 목표”라고 강조했다.\n한편 폴라리스오피스그룹은 폴라리스오피스, 폴라리스세원, 폴라리스우노로 이어지는 안정적 지배구조를 확립했다. 폴라리스오피스의 최대주주인 조성우 폴라리스오피스그룹 회장은 책임경영 의지를 표명하고자 지난 10월 장내매수를 통해 폴라리스오피스 지분율을 특별관계자 포함 24.09%로 높였다.\n장효원 기자 specialjhw@asiae.co.kr"
6625cbdb5e3c7f1c3a69af27,"폴라리스오피스, 7분기 연속 흑자…3Q 누적 영업익 전년치 초과",2022. 11. 15. 08:45,,"폴라리스오피스 CI\n[파이낸셜뉴스] 폴라리스오피스가 안정적인 수익구조를 구축했다. 지난해 성공적인 턴어라운드를 기점으로 7개 분기 연속 흑자기조를 이어가고 있다.\n15일 폴라리스오피스는 별도기준 올해 3·4분기 영업이익이 8억원으로 전년동기 대비 82% 증가했다고 밝혔다. 같은 기간 별도기준 매출액은 59억원으로 전년동기 대비 38% 늘었으며 당기순이익은 4억원으로 흑자전환했다.\n대표 제품인 ‘폴라리스오피스’ 기반의 오피스 사업부 매출이 꾸준히 늘었다. 별도기준 3·4분기 누적 매출액은 172억원으로 지난해 온기 매출액 182억원에 육박한다. 별도기준 3·4분기 누적 영업이익은 전년동기 대비 63% 증가한 25억원으로 지난해 온기 영업이익 21억원을 돌파했다.\n연결기준으로는 올해 3·4분기 누적 당기순이익이 128억원으로 전년동기대비 5247% 늘었다. 관계사 매각 차익 122억원 등이 반영돼 실적 성장을 뒷받침했다. 같은 기간 연결기준 매출액과 영업이익도 전년동기 대비 약 4%씩 증가한 178억원, 17억원을 기록했다.\n폴라리스오피스 관계자는 ""지난해 성공적인 턴어라운드에 이어 폴라리스오피스를 중심으로 한 플랫폼 사업영역 확대, 비대면 협업도구 솔루션 ‘아틀라시안’의 수요 증가로 올해 3·4분기에도 지속적인 성장세를 이어가고 있다”며 “종속회사 폴라리스쉐어테크를 중심으로 블록체인 사업도 안정화하기 위해 노력 중”이라고 말했다.\n이어 “3·4분기 중 그룹사 체제의 안정적 지배구조 확립을 완료한 만큼, 기존 사업과 시너지 효과를 낼 수 있는 추가적인 신성장동력을 찾는 것이 목표”라고 강조했다.\n폴라리스오피스그룹은 폴라리스오피스, 폴라리스세원, 폴라리스우노로 이어지는 안정적 지배구조를 확립했다. 폴라리스오피스의 최대주주인 조성우 폴라리스오피스그룹 회장은 책임경영 의지를 표명하고자 지난 10월 장내매수를 통해 폴라리스오피스 지분율을 특별관계자 포함 24.09%로 높였다."
6625cbe15e3c7f1c3a69af28,"폴라리스오피스, 3Q 누적 영업익 전년치 초과 달성",2022. 11. 15. 09:13,,"""플랫폼 사업영역 확대, 비대면 협업도구 솔루션 수요 증가 등 영향"" [아이뉴스24 오경선 기자] 폴라리스오피스는 별도기준 3분기 영업이익이 8억원으로 전년 동기 대비 82% 증가했다고 15일 밝혔다. 같은 기간 별도기준 매출액은 59억원으로 38% 늘었으며 당기순이익은 4억원으로 흑자전환했다.\n폴라리스오피스가 호실적을 달성했다. 사진은 회사 CI. [사진=폴라리스오피스]\n대표 제품인 '폴라리스오피스' 기반의 오피스 사업부 매출이 꾸준히 늘었다. 별도기준 1~3분기 누적 매출액은 172억원으로 지난해 연간 매출액(182억원)에 육박한다. 별도기준 3분기 누적 영업이익은 63% 증가한 25억원으로 지난해 연간 영업이익 21억원을 돌파했다.\n연결기준으로는 올해 3분기 누적 당기순이익이 128억원으로 전년 동기 대비 5천247% 늘었다. 관계사 매각 차익 122억원 등이 반영돼 실적 성장을 뒷받침했다. 같은 기간 연결기준 매출액과 영업이익도 전년 동기 대비 약 4%씩 증가한 178억원, 17억원을 기록했다.\n폴라리스오피스 관계자는 ""지난해 성공적인 턴어라운드에 이어 폴라리스오피스를 중심으로 한 플랫폼 사업영역 확대, 비대면 협업도구 솔루션 '아틀라시안'의 수요 증가로 올해 3분기에도 지속적인 성장세를 이어가고 있다""며 ""종속회사 폴라리스쉐어테크를 중심으로 블록체인 사업도 안정화하기 위해 노력 중""이라고 말했다.\n이어 ""3분기 그룹사 체제의 안정적 지배구조 확립을 완료한 만큼, 기존 사업과 시너지 효과를 낼 수 있는 추가적인 신성장동력을 찾는 것이 목표""라고 강조했다.\n/오경선 기자(seono@inews24.com)\n▶네이버 채널에서 '아이뉴스24'를 구독해주세요.\n▶재밌는 아이뉴스TV 영상보기▶아이뉴스24 바로가기\n[ⓒ 아이뉴스24 무단전재 및 재배포 금지]"
6625cbe85e3c7f1c3a69af29,"코레이팅, Polaris Share 프로젝트 'BB+'로 평가",2023. 1. 25. 15:06,,"[한국경제TV 한국경제TV 블록체인팀]\n한국경제TV 디지털자산 인증평가 서비스인 코레이팅은 'Polaris Share(POLA)' 프로젝트에 대해 BB+등급으로 최종 평가했다.\n'Polaris Share(POLA)'는 폴라리스 그룹의 블록체인 사업, 연구 및 플랫폼 개발을 담당하는 기술개발운영사 ㈜폴라리스쉐어테크의 프로젝트이다. 폴라리스쉐어는 분산형 인센티브 지식 거래 시스템으로 지식 콘텐츠 생산자와 사용자를 연결하여 지식공유에 대한 인센티브를 제공한다.\n폴라리스오피스의 유저 베이스와 클라우드 내에 존재하고 있는 50억개의 이상의 문서 데이터베이스를 기반으로 블록체인과 NFT 사업을 진행 중에 있다. 추후 적극적인 사업 전개와 이용자 유입을 전제로 성장이 기대되는 프로젝트다.\n'Polaris Share(POLA)' 프로젝트는 모회사 폴라리스오피스 기존 고객의 토큰 이코노미 유입이 높지 않은 것으로 보여 폴라리스쉐어 자체 수익모델의 BEP 상계점 달성이 필요한 것으로 판단된다. 또한 폴라리스오피스가 코스닥 상장사로 안정성은 인정되나 소비자 보호와 내부통제 시스템 구비 등 컴플라이언스 역량강화가 필요하다고 평가했다.\n평가 기준일 기준 재단 보유물량이 시중 유통물량보다 월등히 많아 탈중앙화를 위한 추가적인 노력이 필요하며, 재단 보유 물량이 시장에 풀릴 경우를 대비해 지속적인 점검도 필요해 보인다. 자세한 평가결과는 코레이팅 홈페이지에서 확인 가능하다.\n한국경제TV블록체인팀 blockchain@wowtv.co.kr"
6625cbee5e3c7f1c3a69af2a,"폴라리스오피스 블록체인 계열사, GPT스토어에 AI솔루션 출시",2024. 1. 26. 15:10,,"폴라리스오피스의 종속회사 폴라리스쉐어테크가 26일 오픈AI의 GPT 스토어에 '하울 AI(Howl AI)'를 출시했다고 밝혔다.\n하울 AI는 사용자의 질문을 파악해 폴라리스쉐어테크 내의 블록체인 관련 지식 문서들을 기반으로 맞춤형 답변을 제공하는 솔루션이다. '비트코인 ETF에 대해 알려줘'라고 질문하면, 그 개념과 특징에 대해 요약해주는 방식이다. 또한 사용자는 답변과 관련한 콘텐츠까지 추천받을 수 있다.\n폴라리스쉐어테크 측은 ""간단한 질문을 통해 재구성된 핵심 콘텐츠를 제공받을 수 있어 수요가 높을 전망""이라며 ""블록체인 개발과 함께 GPT 스토어를 통한 AI(인공지능) 초격차 전략과 수익성 확대에 힘을 쏟을 것""이라고 말했다.\n폴라리스쉐어테크는 폴라리스오피스가 지분 53.49%를 보유한 블록체인 개발전문 계열사다.\n앞서 폴라리스오피스는 지난 11일 GPT 스토어에 '가이드 챗봇'을 처음 등록하고 24일 '폴라리스 다큐먼트 컨버터'를 추가 등록했다. 폴라리스오피스는 앞으로 그룹차원에서 AI 사업을 강화한다는 계획이다.\n고석용 기자 gohsyng@mt.co.kr"
6625cbf55e3c7f1c3a69af2b,"폴라리스오피스, GPT스토어에 계열사 솔루션 출시…AI 초격차 전략",2024. 1. 26. 15:37,,"하울 AI 실행 이미지 (사진=폴라리스오피스) *재판매 및 DB 금지\n\n[서울=뉴시스] 배요한 기자 = 폴라리스오피스의 종속회사 폴라리스쉐어테크는 GPT 스토어에 '하울 AI(Howl AI)'를 출시했다고 26일 밝혔다. 폴라리스쉐어테크는 폴라리스오피스가 지분 53.49%를 보유한 블록체인 개발 전문 계열사다.\n하울 AI는 사용자의 질문을 파악해 폴라리스쉐어테크 내의 지식 문서들을 참고 및 재구성해 개인 맞춤형으로 답변한다. '비트코인 ETF에 대해 알려줘'라고 질문하면, 그 개념과 특징에 대해 요약해주는 방식이다. 또 사용자는 답변과 관련한 콘텐츠까지 추천받으며 폭 넓은 정보를 습득할 수 있다.\n폴라리스쉐어테크 측은 ""간단한 질문을 통해 재구성된 핵심 콘텐츠를 제공받을 수 있어 수요가 높을 전망""이라며 ""블록체인 개발과 함께 GPT 스토어를 통한 AI(인공지능) 초격차 전략과 수익성 확대에 힘을 쏟을 것""이라고 말했다.\n앞서 폴라리스오피스는 지난 11일 GPT 스토어에 '가이드 챗봇'을 처음 등록하고 24일 '폴라리스 다큐먼트 컨버터'를 추가 등록했다.\n회사 관계자는 ""10년 전부터 오피스 소프트웨어(SW)를 클라우드화 해 1억2700만명의 글로벌 가입자 및 문서기반 기술력 및 데이터를 보유한 만큼, 폴라리스오피스 뿐만 아니라 그룹차원에서 AI 사업 초격차 전략을 지속할 방침""이라고 전했다.\n☞공감언론 뉴시스 byh@newsis.com"
6625cbfb5e3c7f1c3a69af2c,"폴라리스오피스 ""GPT스토어에 계열사 솔루션 신규 출시""",2024. 1. 26. 15:46,,"하울 AI 실행 이미지. 사진=폴라리스오피스\n[파이낸셜뉴스] 폴라리스오피스의 종속회사 폴라리스쉐어테크는 26일 GPT스토어에 '하울 AI(Howl AI)'를 출시했다고 밝혔다. 폴라리스쉐어테크는 폴라리스오피스가 지분 53.49%를 보유한 블록체인 개발 전문 계열사다.\n하울 AI는 사용자의 질문을 파악해 폴라리스쉐어테크 내의 지식 문서들을 참고 및 재구성해 개인 맞춤형으로 답변한다. ""비트코인 ETF에 대해 알려줘""라고 질문하면 그 개념과 특징에 대해 요약해주는 방식이다. 또 사용자는 답변과 관련한 콘텐츠까지 추천받으며 폭 넓은 정보를 습득할 수 있다.\n폴라리스쉐어테크 측은 ""간단한 질문을 통해 재구성된 핵심 콘텐츠를 제공받을 수 있어 수요가 높을 전망""이라며 ""블록체인 개발과 함께 GPT스토어를 통한 AI 초격차 전략과 수익성 확대에 힘을 쏟을 것""이라고 말했다.\n앞서 폴라리스오피스는 지난 11일 GPT스토어에 '가이드 챗봇'을 처음 등록하고 24일 '폴라리스 다큐먼트 컨버터'를 추가 등록했다. 약 10년 전부터 오피스 소프트웨어(SW)를 클라우드화해 1억2700만명의 글로벌 가입자 및 문서기반 기술력 및 데이터를 보유한 만큼 폴라리스오피스뿐만 아니라 그룹 차원에서 AI 사업 초격차 전략을 지속한다는 방침이다.\ndschoi@fnnews.com 최두선 기자"
6625cc025e3c7f1c3a69af2d,"폴라리스오피스, 애플 비전프로 OS 앱 연동 개시 ""공간컴퓨팅으로 AI기업 주도권 확보""",2024. 2. 7. 14:21,,"폴라리스오피스가 7일 애플의 비전프로 운영체제 '비전OS'에서 '폴라리스 오피스 AI' 어플리케이션(앱) 검수를 마치고 연동을 시작했다고 밝혔다.\n지난 2일 출시된 비전프로는 애플이 9년 만에 내놓는 신제품 폼팩터(물리적 외형)인 혼합현실(MR) 헤드셋이다. 기존 가상현실(VR)제품들과 다르게 현재의 공간을 잘 볼 수 있으면서 증강현실(AR)을 활용해 현실과 가상세계간의 상호 작용을 돕는 것이 특징이다.\n폴라리스오피스 측은 ""국내 출시 전에 미국 현지에서 직접 비전프로를 구매함으로써 앱 검수를 빠르게 마칠 수 있었다""며 ""공간컴퓨팅 시대에 발 맞춘 연구개발용 구매 덕분에 다수 언론사 및 테크 전문 유튜버들로부터 체험기 협업 요청이 쇄도하고 있다""고 전했다.\n폴라리스오피스는 현재 사용자 움직임과 제스처를 인식해 문서를 열람하고 편집할 수 있다. 문서기반 AI분석 기능인 애스크닥(ASK Doc)도 음성 질의응답까지 가능하다. 연동을 확인한 만큼 앞으로 비전OS 전용으로 제공하는 기능들을 고도화할 예정이다.\n이 관계자는 ""국내 기업 중 가장 먼저 비전프로 전용 서비스를 제공하는 것이 목표""라며 ""글로벌 1억 2700만명이 사용하는 클라우드 기반 소프트웨어(SW) 폴라리스오피스는 새로운 폼팩터나 OS플랫폼이 추가돼도 기존 구독자라면 그대로 사용 가능하다""고 말했다.\n이어 ""폴라리스오피스가 PC에서 스마트폰 시대로 넘어오면서 인지도를 높이고 매출을 늘린 것처럼 비전프로 출시는 공간컴퓨팅 시대를 맞이하는 변곡점이 되고, 회사는 AI 테크 기업으로서 기술 초격차를 통해 주도권을 확보할 것""이라며 ""지난 10년간의 클라우드 서비스 운영 노하우를 바탕으로 AI를 접목시켜 매출을 일으켰듯이 공간컴퓨팅 부문 등 새로운 기술영역에서도 두각을 나타낼 것""이라고 강조했다.\n한편 폴라리스오피스는 지난달 11일 GPT스토어 출시와 동시에 '가이드 챗봇'을 처음 등록한 후 계열사인 폴라리스쉐어테크와 함께 기존 SDK화했던 문서기술 등을 지속적으로 앱을 출시하면서 킬러앱을 개발하려고 있다. 생성형 AI가 대중화되기 시작하면서 AI클라우드테크 기업으로서 기술 초격차 전략을 통해 매출 신장을 모색하고 있다.\n김건우 기자 jai@mt.co.kr"
6625cc085e3c7f1c3a69af2e,"폴라리스오피스, 애플 비전프로 OS 앱 연동 개시…“공간컴퓨팅으로 AI 주도권 확보”",2024. 2. 7. 15:07,,"폴라리스오피스가 7일 애플의 비전프로 운영체제 ‘비전OS’에서 ‘폴라리스 오피스 AI’ 어플리케이션(앱) 검수를 마치고 연동을 시작했다고 밝혔다.\n지난 2일 출시된 비전프로는 애플이 9년 만에 내놓는 신제품 폼팩터(물리적 외형)인 혼합현실(MR) 헤드셋이다. 기존 가상현실(VR)제품들과 다르게 현재의 공간을 잘 볼 수 있으면서 증강현실(AR)을 활용해 현실과 가상세계간의 상호 작용을 돕는 것이 특징이다.\n폴라리스오피스 측은 “국내 출시 전에 미국 현지에서 직접 비전프로를 구매함으로써 앱 검수를 빠르게 마칠 수 있었다”며 “공간컴퓨팅 시대에 발맞춘 연구개발용 구매 덕분에 다수 언론사 및 테크 전문 유튜버들로부터 체험기 협업 요청이 쇄도하고 있다”고 전했다.\n폴라리스오피스는 현재 사용자 움직임과 제스처를 인식해 문서를 열람하고 편집할 수 있다. 문서기반 AI분석 기능인 애스크닥(ASK Doc)도 음성 질의응답까지 가능하다. 연동을 확인한 만큼 앞으로 비전OS 전용으로 제공하는 기능들을 고도화할 예정이다.\n회사 관계자는 “국내 기업 중 가장 먼저 비전프로 전용 서비스를 제공하는 것이 목표”라며 “글로벌 1억2700만명이 사용하는 클라우드 기반 소프트웨어(SW) 폴라리스오피스는 새로운 폼팩터나 OS플랫폼이 추가돼도 기존 구독자라면 그대로 사용 가능하다”고 말했다.\n이어 “폴라리스오피스가 PC에서 스마트폰 시대로 넘어오면서 인지도를 높이고 매출을 늘린 것처럼 비전프로 출시는 공간컴퓨팅 시대를 맞이하는 변곡점이 되고, 회사는 AI 테크 기업으로서 기술 초격차를 통해 주도권을 확보할 것”이라며 “지난 10년간의 클라우드 서비스 운영 노하우를 바탕으로 AI를 접목시켜 매출을 일으켰듯이 공간컴퓨팅 부문 등 새로운 기술영역에서도 두각을 나타낼 것”이라고 강조했다.\n한편 폴라리스오피스는 지난달 11일 GPT스토어 출시와 동시에 '가이드 챗봇'을 처음 등록한 후 계열사인 폴라리스쉐어테크와 함께 기존 SDK화했던 문서기술 등을 활용해 킬러앱을 개발할 계획이다. 생성형 AI가 대중화되기 시작하면서 AI클라우드테크 기업으로서 기술 초격차 전략을 통해 매출 신장을 모색하고 있다.\n장효원 기자 specialjhw@asiae.co.kr"
6625cc0f5e3c7f1c3a69af2f,"폴라리스오피스, 애플 비전프로 OS 앱 연동 ""공간컴퓨팅으로 주도권 확보""",2024. 2. 7. 15:20,,"애플 비전프로 내 ‘폴라리스 오피스AI’ 구동 이미지. 사진=폴라리스오피스\n[파이낸셜뉴스] 폴라리스오피스가 7일 애플의 비전프로 운영체제 ‘비전OS’에서 '폴라리스 오피스AI' 어플리케이션 검수를 마치고 연동을 시작했다고 밝혔다.\n지난 2일 출시된 비전프로는 애플이 9년 만에 내놓는 신제품 폼팩터(물리적 외형)인 혼합현실(MR) 헤드셋이다. 기존 가상현실(VR) 제품들과 다르게 현재의 공간을 잘 볼 수 있으면서 증강현실(AR)을 활용해 현실과 가상세계간의 상호 작용을 돕는 것이 특징이다.\n폴라리스오피스 측은 “국내 출시 전에 미국 현지에서 직접 비전프로를 구매함으로써 앱 검수를 빠르게 마칠 수 있었다”며 “공간컴퓨팅 시대에 발 맞춘 연구개발용 구매 덕분에 다수 언론사 및 테크 전문 유튜버들로부터 체험기 협업 요청이 쇄도하고 있다“고 전했다.\n폴라리스오피스는 현재 사용자 움직임과 제스처를 인식해 문서를 열람하고 편집할 수 있다. 문서기반 AI 분석기능인 애스크닥(ASK Doc)도 음성 질의응답까지 가능하다. 연동을 확인한 만큼 앞으로 비전OS 전용으로 제공하는 기능들을 고도화할 예정이다.\n회사 관계자는 ""국내 기업 중 가장 먼저 비전프로 전용 서비스를 제공하는 것이 목표""라며 ""글로벌 1억2700만명이 사용하는 클라우드 기반 소프트웨어(SW) 폴라리스오피스는 새로운 폼팩터나 OS플랫폼이 추가돼도 기존 구독자라면 그대로 사용 가능하다”고 말했다.\n이어 ""폴라리스오피스가 PC에서 스마트폰 시대로 넘어오면서 인지도를 높이고 매출을 늘린 것처럼 비전프로 출시는 공간컴퓨팅 시대를 맞이하는 변곡점이 되고 회사는 AI 테크 기업으로서 기술 초격차를 통해 주도권을 확보할 것""이라며 ""지난 10년간의 클라우드 서비스 운영 노하우를 바탕으로 AI를 접목시켜 매출을 일으켰듯이 공간컴퓨팅 부문 등 새로운 기술영역에서도 두각을 나타낼 것""이라고 강조했다.\n한편 폴라리스오피스는 지난달 11일 GPT스토어 출시와 동시에 '가이드 챗봇'을 처음 등록한 후 계열사인 폴라리스쉐어테크와 함께 기존 SDK화했던 문서기술 등을 지속적으로 앱을 출시하면서 킬러앱을 개발하려고 있다. 생성형 AI가 대중화되기 시작하면서 AI클라우드테크 기업으로서 기술 초격차 전략을 통해 매출 신장을 모색하고 있다.\ndschoi@fnnews.com 최두선 기자"
6625cc195e3c7f1c3a69af30,"폴라리스오피스, '비전프로' OS 앱 연동 개시…AI 주도권 확보",2024. 2. 9. 10:00,,"애플 비전프로 내 ‘폴라리스 오피스 AI’ 구동 이미지. (사진=폴라리스오피스) *재판매 및 DB 금지\n\n[서울=뉴시스] 김경택 기자 = 폴라리스오피스가 애플의 비전프로 운영체제 '비전OS'에서 '폴라리스 오피스 AI' 애플리케이션(앱) 검수를 마치고 연동을 시작했다. 향후 본격적으로 개화할 공간컴퓨팅 시대에 AI기업으로서 주도권을 확보해나갈 것으로 전망된다.\n9일 폴라리스오피스 측에 따르면 지난 2일 출시된 비전프로는 애플이 9년 만에 내놓는 신제품 폼팩터(물리적 외형)인 혼합현실(MR) 헤드셋이다. 기존 가상현실(VR)제품들과 다르게 현재의 공간을 잘 볼 수 있으면서 증강현실(AR)을 활용해 현실과 가상세계간의 상호 작용을 돕는 것이 특징이다.\n폴라리스오피스 관계자는 ""국내 출시 전에 미국 현지에서 직접 비전프로를 구매함으로써 앱 검수를 빠르게 마칠 수 있었다""면서 ""공간컴퓨팅 시대에 발 맞춘 연구개발용 구매 덕분에 다수 언론사 및 테크 전문 유튜버들로부터 체험기 협업 요청이 쇄도하고 있다""고 말했다.\n폴라리스오피스는 현재 사용자 움직임과 제스처를 인식해 문서를 열람하고 편집할 수 있다. 문서기반 AI분석 기능인 애스크닥(ASK Doc)도 음성 질의응답까지 가능하다. 회사 측은 연동을 확인한 만큼 앞으로 비전OS 전용으로 제공하는 기능들을 고도화할 예정이다.\n폴라리스오피스 관계자는 ""국내 기업 중 가장 먼저 비전프로 전용 서비스를 제공하는 것이 목표""라며 ""글로벌 1억2700만명이 사용하는 클라우드 기반 소프트웨어(SW) 폴라리스오피스는 새로운 폼팩터나 OS플랫폼이 추가돼도 기존 구독자라면 그대로 사용 가능하다""고 설명했다.\n이 관계자는 이어 ""폴라리스오피스가 PC에서 스마트폰 시대로 넘어오면서 인지도를 높이고 매출을 늘린 것처럼 비전프로 출시는 공간컴퓨팅 시대를 맞이하는 변곡점이 되고, 회사는 AI 테크 기업으로서 기술 초격차를 통해 주도권을 확보할 것""이라고 강조했다.\n그러면서 ""지난 10년 간의 클라우드 서비스 운영 노하우를 바탕으로 AI를 접목해 매출을 일으켰듯이 공간컴퓨팅 부문 등 새로운 기술 영역에서도 두각을 나타낼 것""이라고 강조했다.\n한편, 폴라리스오피스는 지난달 11일 GPT스토어 출시와 동시에 '가이드 챗봇'을 처음 등록한 후 계열사인 폴라리스쉐어테크와 함께 기존 SDK(소프트웨어 개발자 키트)화했던 문서 기술 등을 지속적으로 앱을 출시하면서 킬러앱을 개발하고 있다. 생성형 AI가 대중화되기 시작하면서 AI클라우드테크 기업으로서 기술 초격차 전략을 통해 매출 신장을 모색하고 있다.\n☞공감언론 뉴시스 mrkt@newsis.com"
6625cc205e3c7f1c3a69af31,'AI 훈풍' 타고 몸집 키운 폴라리스…주가·코인도 상승,2024. 3. 11. 17:35,,"'폴라리스오피스 AI' 유료 가입자 확보 관건\n외형 성장…코스닥 상장사 '리노스' 인수\n주가 고공행진…코인은 급락 후 한 달만에 5배 [서울=뉴시스] 오동현 기자 = 생성형 인공지능(AI) 시장 훈풍에 빠르게 올라탄 토종 오피스 소프트웨어(SW) 기업 폴라리스오피스가 견조한 사업 실적과 함께 주가 상승세를 이어가고 있다.\n폴라리스오피스는 문서 솔루션과 AI를 결합한 다양한 사업 확장은 물론, 가상자산을 활용한 새로운 비즈니스모델(BM)까지 창출하며 지속 가능한 성장을 모색하고 있다.\n11일 DS투자증권에 따르면 폴라리스오피스는 지난해 연결 기준 매출액 1100억원, 영업이익 102억원의 실적을 기록할 것으로 추산된다. 이는 전년 동기 대비 각각 355%, 515% 가량 성장할 것으로 내다본 것이다.\n지난해 3분기에만 매출액 498억원, 영업이익 43억원을 기록하며 전년 동기 대비 각각 728%, 798% 성장세를 보였다.\nDS투자증권은 ""지난해 3분기부터 자동차 부품업체인 '세원'과 합성섬유 제조 및 판매를 영위하는 '우노'가 연결 자회사로 편입된 효과가 크다""며 ""2024년에도 전사 연간 영업이익은 100억원을 상회할 것으로 보인다""고 전망했다. 이어 ""성장은 본업에서 나올 전망이며 올해부터 AI 서비스 판매를 본격화할 예정인 만큼 유료 가입자 수 증가 추이가 중요할 것으로 판단한다""고 덧붙였다.\n실제로 지난해 3분기말 기준 '세원'의 별도 실적은 매출 616억원과 영업이익 45억원을 기록했으며, '우노'는 지난해 연간 매출 781억원과 영업이익 55억원을 달성했다. 본업인 오피스솔루션의 지난 3분기말 기준 매출액은 전년 동기 대비 7% 성장한 125억원을 시현했으며 영업이익은 15억원을 기록했다.\nAI 접목한 오피스SW…유료 가입자 잡아라\n폴라리스오피스의 주요 매출은 오피스 소프트웨어로, `2023년 상반기 기준으로 매출의 64%를 차지한다. 지난해 9월에는 문서 작성에 최적화된 다양한 생성형 AI 모델을 제공하는 AI 기반 오피스 소프트웨어 '폴라리스오피스 AI'를 정식 출시했다.\n'폴라리스오피스 AI'는 오픈AI의 '챗GPT', 네이버의 '하이퍼클로바X', 스태빌리티 AI의 '스테이블 디퓨전' 등 다양한 생성형 AI 기술을 활용할 수 있다는 장점이 있다. 이를 통해 글쓰기, 이미지 생성 및 수정, 발표 자료 만들기 등을 편리하게 수행할 수 있다.\n특히 폴라리스오피스의 최대 경쟁력은 1억2700만명에 달하는 글로벌 가입자 수다. 폴라리스오피스는 무료 이용자들의 유료전환율을 높이기 위해 AI를 적용한 신규 요금제를 출시했다. 기존 오피스 요금제는 월 4900원, 6900원, 8800원 이었으나, AI를 적용한 신규 요금제는 월 1만4900원, 2만4900원으로 가격을 높였다.\n마이크로소프트 365와 구글 워크스페이스 등 현재 대부분의 오피스 프로그램들이 AI를 적용하는 흐름이기 때문에 폴라리스오피스도 자사 이용자들의 유료전환율을 높일 수만 있다면 장기적인 실적 상승의 발판을 마련할 수 있다. 유료 가입자 수와 ARPU(가입자당 평균 매출) 동반 상승 효과가 기대된다.\n하울 AI 실행 이미지 (사진=폴라리스오피스) *재판매 및 DB 금지\n몸집 커진 폴라리스…기술 계열사 시너지 창출 노린다\n폴라리스오피스는 외형 성장도 주목할 만하다.\n폴라리스오피스는 지난해 6월 계열사 폴라리스세원의 지분을 추가로 확보함에 따라 지난해 3분기부터 연결 실적이 반영되기 시작했다. 폴라리스세원은 자동차 부품 중 공조제품에 조립되는 관련 부품을 생산하는 2차 부품업체다. 국내 주요 거래처를 통해 현대차, 기아, 테슬라, GM, 포드, 리비안 등 글로벌 완성차 업체에 공조 부품을 공급하고 있다.\n폴라리스세원은 지난해 연결기준 당기순이익이 전년 대비 212.1% 증가한 122억원을 달성했다. 같은 기간 매출액은 1604억원, 영업이익은 74억원이다.\n지난 2월에는 폴라리스우노와 폴라리스세원이 코스닥 상장사인 '리노스'의 지분을 인수하며 최대주주가 됐다. 리노스는 시스템통합(SI) 등 IT솔루션 사업을 중심으로 계열사 파워보이스를 통해 음성인식 및 화자인식 소프트웨어 개발 사업을 영위하며 연간 800억원 이상의 매출을 기록하던 회사였다. 리노스의 현재 사명은 폴라리스AI다.\n폴라리스오피스그룹 계열사들은 IT, 소프트웨어, AI 등의 기술력을 결합해 시너지를 창출한다는 전략이다.\n\n주가 고공행진…코인은 급락 후 한 달만에 5배\n폴라리스오피스의 견조한 사업 실적과 기대감으로 주가도 연일 상승 흐름을 이어가고 있다. 챗GPT 열풍이 일어나기 시작한 2023년 한해 동안 주가는 약 238% 상승했고, 올해에도 누적 68%의 오름세를 이어가고 있다. 2022년 12월 말 기준 1300원에서 현재 7000원대를 유지 중이다.\n블록체인 기반의 가상자산 사업도 최근 흐름이 좋다. 폴라리스쉐어테크가 발행한 가상자산 '폴라리스 쉐어'의 시세는 지난달 중순 20원대에서 현재 90원대로 치솟은 상황이다. 다만 빗썸 거래소 기준으로 2020년 12월에 기록한 최고가 5000원까지는 아직 한참 남았다. 폴라리스쉐어테크는 폴라리스오피스가 지분 53.49%를 보유한 블록체인 개발 전문 계열사다.\n폴라리스쉐어테크는 지식공유 기반(S2E) 블록체인 '폴라리스쉐어(POLA)'를 구축하고 있다. 플랫폼 내의 지식 콘텐츠 생산자와 사용자를 '분산형 인센티브 지식 거래 시스템'을 통해 연결해 지식 공유에 대한 인센티브를 제공한다. '폴라리스쉐어'는 단순한 문서 공유 서비스를 넘어서 지식의 가치를 평가하고 거래함으로써 지식 생산자가 합당한 보상을 얻고 수용자는 낮은 비용으로 고품질의 지식을 얻을 수 있는 생태계를 구축하는 것이 목표다.\n지난 1월에는 폴라리스쉐어테크가 GPT 스토어에 '하울 AI(Howl AI)'를 출시했다. 하울 AI는 사용자의 질문을 파악해 폴라리스쉐어테크 내의 지식 문서들을 참고 및 재구성해 개인 맞춤형으로 답변한다. 질문자는 답변은 물론, 관련 콘텐츠까지 추천받으며 폭 넓은 정보를 습득할 수 있다. 폴라리스쉐어테크 측은 ""블록체인 개발과 함께 GPT 스토어를 통한 AI(인공지능) 초격차 전략과 수익성 확대에 힘을 쏟을 것""이라고 말했다.\n☞공감언론 뉴시스 odong85@newsis.com"
6625cc275e3c7f1c3a69af32,"폴라리스AI, 폴라리스쉐어테크 주식 양수 ""블록체인 기반 AI사업 협업 강화""",2024. 3. 27. 14:14,,"폴라리스AI CI\n[파이낸셜뉴스] 폴라리스AI는 블록체인 전문기업 폴라리스쉐어테크의 주식 약 47%를 취득한다고 27일 밝혔다.\n폴라리스쉐어테크는 폴라리스오피스가 최대주주로 있는 블록체인 개발 전문 계열사다. 오피스 소프트웨어 '폴라리스 오피스' 기반의 지식공유 블록체인 플랫폼 '폴라(POLA)' 개발을 전담하고 있다.\n이번 주식 양수를 계기로 폴라리스AI와 폴라리스쉐어테크는 블록체인 사업 분야에서의 협업을 강화할 전망이다. 각사가 보유한 인공지능(AI), 정보통신기술(ICT), 블록체인 기술 역량을 적극 공유하고 융합함으로써 AI와 블록체인을 아우르는 혁신 비즈니스 모델을 창출할 것으로 기대된다.\n폴라리스오피스그룹 관계자는 ""AI 융합연구소를 중심으로 폴라리스오피스와 폴라리스쉐어테크의 기술력을 폴라리스AI에도 적용해 시너지를 극대화할 계획""이라며 ""최근 폴라리스쉐어테크가 블록체인 뿐만 아니라 AI를 활용한 솔루션도 개발하고 있어 그룹 차원의 역량이 배가될 것”이라고 밝혔다.\n이어 ""최근 시각, 청각 등을 활용한 여러 인터페이스를 통해 정보를 주고 받는 멀티모달 AI가 트렌드""라며 ""폴라리스쉐어테크는 오픈AI의 달리(DALL-E)나 소라(Sora)를 활용한 AI기반의 콘텐츠의 저작자를 확인시키고, 정당한 보상체계 구축 역할을 하는 플랫폼 기업으로 거듭나겠다”고 말했다.\n최근 폴라리스쉐어테크는 블록체인과 AI를 활용해 사용자들의 콘텐츠 제작을 지원하는 솔루션을 GPT스토어에 등재했다. AI 초격차 전략을 통해 수익성 확대에 힘을 쏟고 있다.\n한편 폴라리스오피스그룹은 폴라리스AI를 지난 2월 계열사로 편입했다. 지난 27년간 폴라리스오피스가 쌓아온 기술력을 바탕으로 AI 융합연구소를 설립하고 AI 초격차 전략을 펼치며 사업 외연을 확장 중이다.\ndschoi@fnnews.com 최두선 기자"
6625cc2d5e3c7f1c3a69af33,"폴라리스AI, 폴라리스쉐어테크 주식 양수…블록체인 기반 AI사업 협업 강화",2024. 3. 27. 14:17,,"폴라리스AI는 블록체인 전문 기업 폴라리스쉐어테크의 주식 약 47%를 취득한다고 27일 밝혔다.\n폴라리스쉐어테크는 폴라리스오피스가 최대주주로 있는 블록체인 개발 전문 계열사다. 오피스 소프트웨어 '폴라리스 오피스' 기반의 지식공유 블록체인 플랫폼 '폴라(POLA)' 개발을 전담하고 있다.\n이번 주식 양수를 계기로 폴라리스AI와 폴라리스쉐어테크는 블록체인 사업 분야에서의 협업을 강화할 전망이다. 각사가 보유한 AI(인공지능), ICT(정보통신기술), 블록체인 기술 역량을 적극 공유하고 융합함으로써 AI와 블록체인을 아우르는 혁신 비즈니스 모델을 창출할 것으로 기대된다.\n폴라리스오피스그룹 관계자는 ""AI 융합연구소를 중심으로 폴라리스오피스와 폴라리스쉐어테크의 기술력을 폴라리스AI에도 적용해 시너지를 극대화할 계획""이라며 ""최근 폴라리스쉐어테크가 블록체인 뿐만 아니라 AI를 활용한 솔루션도 개발하고 있어 그룹 차원의 역량이 배가될 것""이라고 밝혔다.\n이어 ""최근 시각·청각 등을 활용한 여러 인터페이스를 통해 정보를 주고받는 멀티모달 AI가 트렌드""라며 ""폴라리스쉐어테크는 오픈AI의 달리(DALL-E)나 소라(Sora)를 활용한 AI기반의 콘텐츠의 저작자를 확인시키고, 정당한 보상체계 구축 역할을 하는 플랫폼 기업으로 거듭나겠다""고 말했다.\n최근 폴라리스쉐어테크는 블록체인과 AI를 활용해 사용자들의 콘텐츠 제작을 지원하는 솔루션을 GPT스토어에 등재했다. AI 초격차 전략을 통해 수익성 확대에 힘을 쏟고 있다.\n한편 폴라리스오피스그룹은 폴라리스AI를 지난 2월 계열사로 편입했다. 지난 27년간 폴라리스오피스가 쌓아온 기술력을 바탕으로 AI 융합연구소를 설립하고 AI 초격차 전략을 펼치며 사업 외연을 확장 중이다.\n장효원 기자 specialjhw@asiae.co.kr"
6625cc345e3c7f1c3a69af34,"폴라리스AI, 폴라리스쉐어 지분 취득…블록체인 AI사업 강화",2024. 3. 27. 14:49,,"[서울=뉴시스] 배요한 기자 = 폴라리스AI는 블록체인 전문 기업 폴라리스쉐어테크의 주식 약 47%를 취득한다고 27일 밝혔다.\n폴라리스쉐어테크는 폴라리스오피스가 최대주주로 있는 블록체인 개발 전문 계열사다. 오피스 소프트웨어 '폴라리스 오피스' 기반의 지식공유 블록체인 플랫폼 폴라(POLA) 개발을 전담하고 있다.\n이번 주식 양수를 계기로 폴라리스AI와 폴라리스쉐어테크는 블록체인 사업 분야에서의 협업을 강화할 전망이다. 각사가 보유한 AI(인공지능), ICT(정보통신기술), 블록체인 기술 역량을 적극 공유하고 융합함으로써 AI와 블록체인을 아우르는 혁신 비즈니스 모델을 창출할 것으로 기대된다.\n폴라리스오피스그룹 관계자는 ""AI 융합연구소를 중심으로 폴라리스오피스와 폴라리스쉐어테크의 기술력을 폴라리스AI에도 적용해 시너지를 극대화할 계획""이라며 ""최근 폴라리스쉐어테크가 블록체인 뿐만 아니라 AI를 활용한 솔루션도 개발하고 있어 그룹 차원의 역량이 배가될 것""이라고 밝혔다.\n이어 ""최근 시각∙청각 등을 활용한 여러 인터페이스를 통해 정보를 주고 받는 멀티모달 AI가 트렌드""라며 ""폴라리스쉐어테크는 오픈AI의 달리(DALL-E)나 소라(Sora)를 활용한 AI기반의 콘텐츠의 저작자를 확인시키고, 정당한 보상체계 구축 역할을 하는 플랫폼 기업으로 거듭나겠다""고 말했다.\n최근 폴라리스쉐어테크는 블록체인과 AI를 활용해 사용자들의 콘텐츠 제작을 지원하는 솔루션을 GPT스토어에 등재했다. AI 초격차 전략을 통해 수익성 확대에 힘을 쏟고 있다.\n한편 폴라리스오피스그룹은 폴라리스AI를 지난 2월 계열사로 편입했다. 지난 27년간 폴라리스오피스가 쌓아온 기술력을 바탕으로 AI 융합연구소를 설립하고 AI 초격차 전략을 펼치며 사업 외연을 확장 중이다.\n☞공감언론 뉴시스 byh@newsis.com"
6625cc3a5e3c7f1c3a69af35,"폴라리스AI, 폴라리스쉐어테크 주식 47% 취득",2024. 3. 27. 15:43,,"폴라리스AI는 블록체인 전문 기업 폴라리스쉐어테크의 주식 약 47%를 취득한다고 27일 밝혔다.\n폴라리스쉐어테크는 폴라리스오피스가 최대주주로 있는 블록체인 개발 전문 계열사다. 오피스 소프트웨어 '폴라리스 오피스' 기반의 지식공유 블록체인 플랫폼 '폴라(POLA)' 개발을 전담하고 있다. 최근 폴라리스쉐어테크는 블록체인과 AI를 활용해 사용자들의 콘텐츠 제작을 지원하는 솔루션을 GPT스토어에 등재했다.\n양사는 이번 주식 양수를 계기로 블록체인 사업 분야에서의 협업을 강화할 전망이다. 각사가 보유한 AI(인공지능), ICT(정보통신기술), 블록체인 기술 역량을 적극 공유하고 융합함으로써 AI와 블록체인을 아우르는 혁신 비즈니스 모델을 창출할 계획이다.\n폴라리스오피스그룹 관계자는 ""AI 융합연구소를 중심으로 폴라리스오피스와 폴라리스쉐어테크의 기술력을 폴라리스AI에도 적용해 시너지를 극대화할 계획""이라며 ""최근 폴라리스쉐어테크가 블록체인 뿐만 아니라 AI를 활용한 솔루션도 개발하고 있어 그룹 차원의 역량이 배가될 것""이라고 밝혔다.\n이어 ""폴라리스쉐어테크는 오픈AI의 달리(DALL-E)나 소라(Sora)를 활용한 AI기반의 콘텐츠의 저작자를 확인시키고 정당한 보상체계 구축 역할을 하는 플랫폼 기업으로 거듭나겠다""고 말했다.\n남미래 기자 future@mt.co.kr"
